SNP,P
rs7187250,2e-306
rs56094641,5e-261
rs9936385,4e-188
rs8043757,5.0000000000000006e-110
rs3751812,6e-108
rs9930333,1.0000000000000001e-103
rs11642015,2e-81
rs4784323,8e-80
rs7185735,1.0000000000000001e-79
rs6499653,1e-56
rs11075990,2e-51
rs9939609,4e-51
rs8050136,1.0000000000000001e-47
rs7203521,2.9999999999999996e-42
rs9302652,9e-40
rs17525605,1e-37
rs12596054,8e-35
rs10521307,3e-29
rs9922708,6e-29
rs1421085,1e-28
rs4396532,4e-27
rs12149832,1e-25
rs112232322,3e-25
rs8063946,5e-25
rs9940128,4e-23
rs16952522,8e-22
rs9941349,4.0000000000000004e-21
rs55872725,6.0000000000000006e-21
rs111357538,7e-21
rs16952479,9.000000000000001e-21
rs368270837,1e-20
rs74498370,5e-20
