uniqID,db,tissue,gene,testedAllele,p,signed_stats,FDR,chr,pos,symbol,eqtlMapFilt
16:53675970:C:T,GTEx/v8,Adipose_Subcutaneous,ENSG00000166971,T,0.000126159,-0.320243,9.49899e-05,16,53675970,AKTIP,1
16:53760087:C:CAG,GTEx/v8,Adipose_Visceral_Omentum,ENSG00000103479,CAG,2.03516e-05,-0.151425,2.0094e-50,16,53760087,RBL2,1
16:53760087:C:CAG,GTEx/v8,Brain_Caudate_basal_ganglia,ENSG00000103479,CAG,4.01716e-05,-0.193144,7.33828e-22,16,53760087,RBL2,1
16:53760087:C:CAG,GTEx/v8,Brain_Cerebellar_Hemisphere,ENSG00000103479,CAG,2.43825e-05,-0.255476,1.83904e-41,16,53760087,RBL2,1
16:53790906:A:G,GTEx/v8,Brain_Cerebellar_Hemisphere,ENSG00000103479,A,4.40873e-05,-0.277577,1.83904e-41,16,53790906,RBL2,1
16:53791798:A:G,GTEx/v8,Brain_Cerebellar_Hemisphere,ENSG00000103479,A,4.40873e-05,-0.277577,1.83904e-41,16,53791798,RBL2,1
16:53793798:C:T,GTEx/v8,Brain_Cerebellar_Hemisphere,ENSG00000103479,C,5.53397e-05,-0.28327,1.83904e-41,16,53793798,RBL2,1
16:53794469:C:G,GTEx/v8,Brain_Cerebellar_Hemisphere,ENSG00000103479,C,5.53397e-05,-0.28327,1.83904e-41,16,53794469,RBL2,1
16:53794758:C:G,GTEx/v8,Brain_Cerebellar_Hemisphere,ENSG00000103479,C,5.53397e-05,-0.28327,1.83904e-41,16,53794758,RBL2,1
16:53760087:C:CAG,GTEx/v8,Brain_Cerebellum,ENSG00000103479,CAG,8.6876e-06,-0.379154,1.65267e-60,16,53760087,RBL2,1
16:53760087:C:CAG,GTEx/v8,Brain_Cortex,ENSG00000103479,CAG,6.51006e-06,-0.289164,3.6814499999999997e-31,16,53760087,RBL2,1
16:53760087:C:CAG,GTEx/v7,Adipose_Subcutaneous,ENSG00000103479,CAG,1.93476e-05,-0.156314,1.43306e-47,16,53760087,RBL2,1
16:53760087:C:CAG,GTEx/v7,Adipose_Visceral_Omentum,ENSG00000103479,CAG,6.91538e-07,-0.230492,1.5947999999999999e-28,16,53760087,RBL2,1
