rsID,uniqID,tissue,symbol,testedAllele,p,signed_stats,FDR,MAF,r2,CADD,RDB
rs117094130,16:53675970:C:T,Adipose_Subcutaneous,AKTIP,T,0.000126159,-0.320243,9.49899e-05,0.04672,0.612011,2.402,7
rs146120317,16:53760087:C:CAG,Adipose_Visceral_Omentum,RBL2,CAG,2.03516e-05,-0.151425,2.0094e-50,0.2952,0.629961,12.25,
rs146120317,16:53760087:C:CAG,Brain_Caudate_basal_ganglia,RBL2,CAG,4.01716e-05,-0.193144,7.33828e-22,0.2952,0.629961,12.25,
rs146120317,16:53760087:C:CAG,Brain_Cerebellar_Hemisphere,RBL2,CAG,2.43825e-05,-0.255476,1.83904e-41,0.2952,0.629961,12.25,
rs1075440,16:53790906:A:G,Brain_Cerebellar_Hemisphere,RBL2,A,4.40873e-05,-0.277577,1.83904e-41,0.2972,0.967114,12.79,3a
rs11643744,16:53791798:A:G,Brain_Cerebellar_Hemisphere,RBL2,A,4.40873e-05,-0.277577,1.83904e-41,0.2972,0.967114,1.52,5
rs13333228,16:53793798:C:T,Brain_Cerebellar_Hemisphere,RBL2,C,5.53397e-05,-0.28327,1.83904e-41,0.2903,1.0,4.56,6
rs17525605,16:53794469:C:G,Brain_Cerebellar_Hemisphere,RBL2,C,5.53397e-05,-0.28327,1.83904e-41,0.2903,1.0,0.234,7
rs8055259,16:53794758:C:G,Brain_Cerebellar_Hemisphere,RBL2,C,5.53397e-05,-0.28327,1.83904e-41,0.2903,1.0,1.968,7
rs146120317,16:53760087:C:CAG,Brain_Cerebellum,RBL2,CAG,8.6876e-06,-0.379154,1.65267e-60,0.2952,0.629961,12.25,
rs146120317,16:53760087:C:CAG,Brain_Cortex,RBL2,CAG,6.51006e-06,-0.289164,3.6814499999999997e-31,0.2952,0.629961,12.25,
rs146120317,16:53760087:C:CAG,Adipose_Subcutaneous,RBL2,CAG,1.93476e-05,-0.156314,1.43306e-47,0.2952,0.629961,12.25,
rs146120317,16:53760087:C:CAG,Adipose_Visceral_Omentum,RBL2,CAG,6.91538e-07,-0.230492,1.5947999999999999e-28,0.2952,0.629961,12.25,
